1	0.047353891309218736	0.19980186523428153	0.2309624430384802	0.23910114440698596	0.2216752325442111	0.06110542346682257
2	0.04632660122529149	0.1979243860253615	0.23014440840621764	0.23966285972854384	0.22350973720673661	0.06243200740784886
3	0.046202377610387396	0.1976946301170519	0.23004300191133584	0.2397300727434688	0.2237337447878222	0.06259617282993378
4	0.05047187281889726	0.2052690873313173	0.2332380475954575	0.2373414055443964	0.2162938940358144	0.057385692674117146
5	0.048838299537069016	0.20244578981535508	0.23208224550893855	0.23827253667937429	0.21907988359894856	0.0592812448603145
6	0.04416499914401913	0.1938442087192183	0.228303762118224	0.2408094094004755	0.22747255257503604	0.06540506804302708
7	0.04396734290409552	0.19346191310193755	0.22812685294023147	0.24091154801519893	0.2278421184266511	0.06569022461188552
8	0.045957353549131	0.19723813504382026	0.22983993630008592	0.23986174885003503	0.224178216208627	0.06292461004830087
9	0.0459038548944586	0.19713836879253963	0.22979551040586488	0.23989047154699056	0.22427533679569978	0.06299645756444648
10	0.04679903686995609	0.19878976906489756	0.23052239295555416	0.23940503954802772	0.2226645111078992	0.06181925045366512
11	0.04527574825982471	0.19596095598891092	0.22926828583788036	0.24022599285591345	0.22542040539976066	0.0638486116577099
12	0.041844457006592346	0.18925322209204926	0.22612884958532034	0.24197539170022594	0.23189032996969852	0.0689077496461135
13	0.06890371151182234	0.2318843220153763	0.24197339691955497	0.22613136098472897	0.18925930407785382	0.041847904490663605
14	0.05195246843211129	0.20774742236060617	0.2342155578825203	0.23648146209510537	0.2138350192413179	0.05576806998833896
15	0.04293180289587704	0.19142907318840316	0.22717155745221268	0.2414371667057522	0.22980142499511236	0.06722897476264257
16	0.04165002476911303	0.1888556422322936	0.22593414621006608	0.24206866869108454	0.23227028216066575	0.06922123593677701
17	0.0485738141455722	0.20197455773771306	0.23188260899011404	0.23842016599262564	0.219542442472244	0.05960641066173115
18	0.053970599563643695	0.21101703148193932	0.23545561951948304	0.2352905382300497	0.21057353323352987	0.05369267797135457
19	0.06683518971127647	0.22929631270928555	0.2412999609437988	0.22741597387874438	0.19195249129582118	0.04320007146107351
20	0.043648083330311796	0.1928284069064374	0.22782592454194836	0.2410714918568672	0.22845142704610055	0.06617466631833464
21	0.09113556010363075	0.25480778075979593	0.24591177618243595	0.2125433768922959	0.16452468091801342	0.031076825143828146
22	0.0934353267889279	0.2567546449478981	0.2460554431272976	0.21118054516005438	0.16232872474302304	0.03024531523279885
23	0.08044628613806502	0.24476045489572582	0.24464637453613153	0.21900154506138625	0.1755807020691137	0.03556463729957779
24	0.077188551188002	0.24135136383866013	0.24404259260354408	0.2210023795521205	0.179247448335995	0.03716766448167816
25	0.061047346823068845	0.22155531512714688	0.23904599618368172	0.23099554605932834	0.1999179411999209	0.04743785460685332
26	0.0490086568186115	0.2027041558324232	0.23217083008870681	0.23816742151135054	0.21881866896784893	0.05913026678105891
27	0.06886197613614409	0.23179189824664959	0.24193115860967007	0.22615738419923145	0.18934831869493265	0.04190926411337201
28	0.02206366516577239	0.1378412309114038	0.19423136218331147	0.24513580030088877	0.2770891778595667	0.12363876357905687
29	0.05714592445455857	0.2158680540937344	0.2371645531321989	0.23337613339089733	0.20568843008371449	0.0507569048448964
30	0.05982075082607128	0.21978072438555657	0.23846539990110024	0.23174559726511684	0.20172077385871862	0.0484667537634366
31	0.12230085122286928	0.27632910632683494	0.24524755401649861	0.19495284130932863	0.1388106273525881	0.022359019771880508
32	0.04656656369986008	0.1982867242292101	0.23026588560796676	0.23951167255016612	0.22314194127780695	0.06222721263499005
33	0.10251017584542768	0.26369405957535724	0.24620870786086022	0.2059241958933021	0.1542868597586952	0.027376001066357684
34	0.07093102695062646	0.23414756719517243	0.24244107454879035	0.22487568716293763	0.1868553702669408	0.0407492738755325
35	0.054304773355536254	0.21137527501337564	0.23550856943722567	0.2350663398944867	0.21018685577430898	0.053558186525066775
36	0.04531027523485512	0.19585093449815805	0.22913503538682573	0.24015774346652138	0.22549480746489858	0.0640512039487411
37	0.052139207766645886	0.20787329649505	0.2341796014262137	0.2363401379658571	0.2136796246881808	0.05578813165805254
38	0.047320702497179165	0.1995394344390854	0.23075347352518907	0.23906888149210304	0.22189618664963973	0.06142132139680369
39	0.05102830089573996	0.20593092445872438	0.2333723791884559	0.23696635779059833	0.215591613188835	0.05711042447764626
40	0.06966687104764903	0.23248185005083896	0.24196876414448065	0.2256599030665844	0.188573574451125	0.041649037239322124
41	0.044897520994177965	0.194924141995609	0.22864474283648561	0.24033185668859333	0.2263660791773417	0.06483565830779242
42	0.13680328088860222	0.28300961255842527	0.2433503481176412	0.1875355641499137	0.12953299389360043	0.019768200391817252
43	0.03882944835106972	0.1825563366180442	0.22257310679837225	0.2432027036711315	0.2381638244721882	0.0746745800891942
44	0.054874630215970346	0.21199682305402284	0.23560988791002116	0.23468820492043943	0.20951878588088693	0.05331166801865933
45	0.04722740753575513	0.19906166838081557	0.2304003012690049	0.23904133010194528	0.22230748425195315	0.06196180846052596
46	0.04282074374273339	0.19071585767529714	0.22659341601089603	0.24132746612815956	0.23038773595052786	0.06815478049238591
47	0.027664771980753948	0.15478162389232625	0.2060683883147336	0.2459416290772603	0.26312675749258135	0.10241682924234448
48	0.04441596618243265	0.19370717910869129	0.22794299402668605	0.24049006172023432	0.22748534207542973	0.06595845688652606
49	0.034446263187924424	0.17236984661346966	0.21689791019929372	0.24471476944164605	0.24755094561276722	0.08402026494489885
50	0.03636652665501067	0.17685925438557132	0.21941604106894028	0.24407172165018776	0.24342502348691417	0.0798614327533759
51	0.03370944375993986	0.17057610573796533	0.21585436832696614	0.24492252179946783	0.24917827426145722	0.08575928611420364
52	0.045799167947814835	0.1962491641606622	0.22906753538992813	0.23975266091058334	0.2250107616347618	0.0641207099562496
53	0.04493756616411601	0.1946313895759391	0.22833461370632144	0.24020125917723448	0.22657855047600206	0.0653166209003869
54	0.06274096083538186	0.22315462076261114	0.23919949066208182	0.22991086905938438	0.19815603020001277	0.04683802848052795
55	0.043576621717016144	0.1920095536783242	0.22711445712978015	0.2408895049251135	0.22910612804093017	0.06730373450883588
56	0.04274369573053263	0.19037220430200316	0.22633650298019578	0.24130004159352358	0.23067791789552752	0.0685696374982174
57	0.11453122041194491	0.2709426894834179	0.24542012428162455	0.1993566174233053	0.1452305546880371	0.02451879371167034
58	0.10317831820554448	0.2633940065593327	0.2457879734737918	0.20568620773549665	0.15436750561965074	0.027585988406183506
59	0.057835529281717715	0.2161189553969691	0.23689305624786955	0.23287404950190607	0.20530556652788057	0.050972843043657075
60	0.036957814002786415	0.17803707078141348	0.21997642509989263	0.24377427904943946	0.24229042065250667	0.0789639904139614
61	0.08557754103016474	0.24879191090895483	0.24476778897067222	0.21598619610521402	0.1709475596531676	0.033929003331826565
62	0.03251842001889915	0.16747237223990386	0.2139382374411889	0.2451332512009738	0.2519255088647327	0.08901221023430159
63	0.0700686083169268	0.23230918157924482	0.24162309656542288	0.22541604861901793	0.18863048744843522	0.041952577470952504
64	0.07498392896900048	0.23795108278266994	0.2428985380860601	0.22240649785617564	0.18266841201917686	0.03909154028691692
65	0.05089091707726147	0.2050544088993693	0.23272019029909075	0.2369165703054549	0.216347359720392	0.058070553698431726
66	0.061471290238037275	0.2211780392894679	0.23848356450166716	0.23066790700369894	0.20013876099522998	0.04806043797189864
67	0.041264954713507704	0.18708596679996206	0.22458314331080845	0.2418879244464697	0.23374674781634125	0.07143126291291091
68	0.047807982115176464	0.1995270359169765	0.23032842158763292	0.23857960848190418	0.22174607427661683	0.062010877621693244
69	0.09697073723860496	0.258259767072289	0.24544265694936268	0.2093215710116918	0.16020015064004323	0.02980511708800846
70	0.034673845466063724	0.17243849617486437	0.216692706524863	0.24438387321206595	0.24734787109046683	0.08446320753167605
71	0.041994158928653616	0.18842244295177035	0.22517231472146454	0.2414973707220124	0.23244413260179542	0.07046958007430368
72	0.03833207076243673	0.18069023573218915	0.22120223527583116	0.2430613805137465	0.23972074195479626	0.07699333576100026
73	0.03703337026500446	0.17781659671948902	0.21965941467783315	0.2435572686187022	0.2423912224202784	0.07954212729869278
74	0.03481490810095226	0.1727003220492047	0.2168049951054696	0.24430117701296378	0.247087807058743	0.08429079067266669
75	0.05738399322221798	0.21495504371206273	0.23626416847550824	0.23308553111522637	0.206395968295527	0.05191529517945767
76	0.04632273091237262	0.19662987847249996	0.22895835099085549	0.23931211531877195	0.22452782200327534	0.06424910230222458
77	0.035709023224549184	0.1747417740750946	0.21793334392244715	0.24399048973312687	0.24520783932408902	0.08241752972069302
78	0.06388388794532253	0.2240209636913903	0.23915213924141981	0.22917848715873657	0.19714745839489034	0.046617063568240504
79	0.0349157359170031	0.17287582548943886	0.21687282520317888	0.24423600115805788	0.24690924343502127	0.08419036879730013
80	0.03326064365727564	0.16878917510079214	0.2144462221278941	0.24463481166021667	0.2505720284467497	0.08829711900707164
81	0.061135616342164176	0.2200707096803106	0.2378396495888902	0.23082019939103254	0.20115624861633444	0.04897757638126796
82	0.0494193873567269	0.20190067522379712	0.2311231457246736	0.23759392689496472	0.2193365714886521	0.060626293311185665
83	0.03713091375105217	0.17775122679870625	0.21948046312926406	0.24338319629016328	0.24237497887795326	0.07987922115286099
84	0.04780053025585165	0.199030596410715	0.22988549308100753	0.23845928870610547	0.2221389403627379	0.06268515118358255
85	0.046801822727805906	0.1972330768626038	0.22909732838434466	0.23898576888795348	0.223888673768196	0.06399332936909609
86	0.036171653472065295	0.17556355703983517	0.2182680562699861	0.24370997037470324	0.24438477716109622	0.08190198568231397
87	0.03461924092263684	0.17194437913177357	0.2162212481828798	0.24419670115066533	0.2476861345349355	0.08533229607710896
88	0.11290215669195708	0.2688139597843963	0.2449530996146202	0.20048612407642474	0.1473917661401279	0.02545289369247376
89	0.03729898978939169	0.17805846777287998	0.219613183652957	0.24328890274894527	0.2420725080046308	0.07966794803119526
90	0.034848994195964544	0.17243772981337424	0.21647815499086284	0.24410109174514388	0.24722299776269807	0.08491103149195638
91	0.04599572926169078	0.19568600460555163	0.2283722151857073	0.23938298032830468	0.22537498855362512	0.0651880820651205
92	0.04498795282620097	0.19380488248675096	0.22751396976253307	0.23989374917412473	0.22719184181306357	0.06660760393732663
93	0.04374543361060498	0.1912908891936947	0.22627054541104225	0.2404591651700643	0.22957735793784353	0.06865660867675015
94	0.061317804953749555	0.2199702190442849	0.2376455830202285	0.23068181303432034	0.2011950193879424	0.049189560559474224
95	0.061317804953749555	0.2199702190442849	0.2376455830202285	0.23068181303432034	0.2011950193879424	0.049189560559474224
96	0.03473697978823095	0.17194579532270693	0.21607884253220785	0.24400649790213028	0.24759895672883905	0.08563292772588485
97	0.08590563764875793	0.24783690805649938	0.24403053148456913	0.2159190266970588	0.1716787215965722	0.034629174516542675
98	0.03210078557523469	0.1654636342757376	0.21221908252181265	0.2446129167170475	0.253381902419537	0.09222167849063058
99	0.04134660861560466	0.1863928718756338	0.2238176416086405	0.24152011173239266	0.23420701803979527	0.07271574812793315
100	0.14661810440736803	0.28474737183290677	0.2409641025875638	0.1833159783179181	0.12537929182316057	0.018975151031082858
101	0.04372835575950429	0.19102776306535155	0.22603472553401055	0.24038920240860626	0.22977923886942123	0.06904071436310612
102	0.030957650220507844	0.16242280202774162	0.2102810225939185	0.24472134552712546	0.2560058634181048	0.09561131621260194
103	0.038989620853147784	0.18127344131670814	0.22109270690606406	0.2424238051398425	0.23896222555360117	0.0772582002306363
104	0.04257008588226379	0.18864684453812347	0.22483239026195925	0.24089162221671134	0.23202372948856884	0.07103532761237343
105	0.05206323722468091	0.2057156966026351	0.23238641747245184	0.23599928496855369	0.21545968441199573	0.05837567931968269
106	0.04903970814189428	0.20056885827857376	0.23024441139343482	0.23763639576267187	0.22051215771554594	0.06199846870787945
107	0.03768458972854377	0.17823189999513245	0.21936452964573885	0.24281820804001347	0.24172525011039744	0.08017552248017397
108	0.04496838207938821	0.1930523676068518	0.22682307645306593	0.23967670480030653	0.22776478551167123	0.06771468354871636
109	0.052707163169168375	0.20652127936102527	0.2325926762304955	0.2355930802752334	0.2146165893713477	0.05796921159272978
110	0.0526974062112324	0.20648390146032175	0.23256794474014128	0.23559429879131782	0.21464953676199075	0.05800691203499618
111	0.051848808190774184	0.2050912369992064	0.23201011915580375	0.23606224466136627	0.21602527873844105	0.058962312254408414
112	0.043899587069396916	0.19092540706666544	0.22577769856715768	0.24015945444624462	0.22978141811828723	0.06945643473224819
113	0.05931624368574305	0.21636278046122	0.23609847244462823	0.23178409251760945	0.20471765433207453	0.051720756558724636
114	0.04985885433583709	0.20152449890940102	0.23043564668837654	0.23708878197661118	0.21948748347413144	0.06160473461564268
115	0.0649806349110322	0.22397290465895148	0.2384563697513687	0.2284395022199406	0.19691803905793212	0.047232549400774836
116	0.04227859583867951	0.18753242742915058	0.22402519877733032	0.24082274068187423	0.2329554680449824	0.07238556922798296
117	0.032364434770214515	0.16541540232874388	0.21181359116485776	0.24409923520127583	0.2531648421071921	0.09314249442771601
118	0.03371518952997687	0.16864924000509596	0.2137119844042286	0.24376830768414412	0.2502765043865101	0.08987877399004443
119	0.06823265851108605	0.2278838020149823	0.2394701773351454	0.22649906705741096	0.19282458244343464	0.0450897126379407
120	0.04229312187625985	0.18735539318211517	0.2238376358882472	0.24073748197270917	0.23307348795679106	0.07270287912387756
121	0.04308768558134947	0.18890586731547013	0.22459086410140575	0.24037677510043048	0.23160179748788753	0.07143701041345663
122	0.027395786815128793	0.1519805438628621	0.2030391150632586	0.2442288244328888	0.2645007185998014	0.10885501122606032
123	0.05041441947286376	0.20216150242679373	0.23055946779788197	0.23671991233351555	0.21880241055128521	0.06134228741765977
124	0.04116297083967086	0.1850068560604164	0.22262478161900062	0.2411937561651293	0.2352664185735949	0.07474521674218787
125	0.09294725484239742	0.25265460477063634	0.24388167376881692	0.21196980857244377	0.16589042812924454	0.03265622991646109
126	0.039232549846601045	0.18093072318931985	0.2204843437419765	0.24193930960424234	0.23905181453497026	0.07836125908288998
127	0.043500065380505895	0.18956522263415637	0.22484156390218207	0.24013732098897614	0.23094224642036953	0.07101358067380995
128	0.03957904526827827	0.18154706634458678	0.22075115038938728	0.24175390364507562	0.2384486143515873	0.07792022000108473
129	0.03957904526827827	0.18154706634458678	0.22075115038938728	0.24175390364507562	0.2384486143515873	0.07792022000108473
130	0.054608104595690286	0.20869734504849702	0.23304695176942788	0.23437841029833323	0.21229466510121062	0.056974523186841014
131	0.03607163820019798	0.17382404163702808	0.2165232183884762	0.24293918841026996	0.24551705420834355	0.08512485915568414
132	0.03499593186276682	0.17128571212579716	0.2150439798386412	0.24320980236465867	0.24778478125326298	0.08767979255487322
133	0.030444530198489018	0.16001350239289677	0.20818121954838578	0.24400631278079205	0.2576470108232916	0.09970742425614466
134	0.04270801294867453	0.18776773671923785	0.22384312526663291	0.24039872679530044	0.23258497605631076	0.0726974222138436
135	0.06858467005694821	0.22763967633196125	0.23909483565829714	0.22627047079876786	0.1929409479199271	0.045469399234098304
136	0.04546939923409833	0.19294094791992686	0.22627047079876797	0.23909483565829714	0.22763967633196164	0.0685846700569482
137	0.04233018904560614	0.18690074209543125	0.22335553662172325	0.24051645137607083	0.23337305111274637	0.0735240297484221
138	0.03216677133020587	0.16420728467238763	0.2106951989154803	0.24365478057338089	0.25394797938966884	0.09532798511887641
139	0.0953279851188765	0.2539479793896687	0.24365478057338097	0.2106951989154801	0.1642072846723879	0.03216677133020585
140	0.06004336395572446	0.216383563476233	0.23564198467696737	0.2312475865084095	0.2045026828968472	0.05218081848581849
141	0.044145044095448935	0.19034168723442305	0.22499209675061727	0.23967703242923696	0.23009523528448608	0.07074890420578756
142	0.04631663539756096	0.19438981482139983	0.22688648243223355	0.23865206822111537	0.22622481366411157	0.06753018546357885
143	0.027358555840796033	0.15132666220897006	0.20228306963131992	0.24374547438303606	0.2647499511101751	0.1105362868257029
144	0.03885007628384261	0.17958734783422112	0.21950727434268308	0.24183387665232645	0.24014569614974368	0.080075728737183
145	0.05882798750473347	0.2145322001755889	0.2349525895107348	0.2319274080306009	0.20635203287840698	0.053407781899934906
146	0.02831963016588544	0.15394544029982932	0.2040169598224789	0.2437607976423118	0.26257281366298785	0.1073843584065067
147	0.041640148921205974	0.18530102536254175	0.22244558709908405	0.24071922312649036	0.2348195761098482	0.0750744393808296
148	0.06049441072062381	0.2167557877581089	0.23564788978266302	0.2309591887695325	0.20407362826538542	0.05206909470368639
149	0.05474839737396029	0.20832227828890845	0.23263029184116493	0.23419377497488586	0.21255072484588236	0.05755453267519826
150	0.03348137976126534	0.1672092624215173	0.21239655893463882	0.2432710917035703	0.25123615837110547	0.09240554880790275
151	0.029788832182516503	0.15778232127913216	0.2064710003271846	0.24366006398841125	0.2593138054182463	0.10298397680450938
152	0.030497968673821943	0.15962963296779079	0.20765223669996166	0.24361232204725422	0.257746767477541	0.10086107213363046
153	0.020766251372460805	0.1303466614802111	0.18646162208454334	0.2406384037828628	0.28016518976832905	0.14162187151159292
154	0.03967753624002199	0.18099377174971268	0.2200834881088556	0.24136981298136564	0.23875115314351036	0.07912423777653374
155	0.03755107938781989	0.17642860570258465	0.21761897102480315	0.24210588758247006	0.2429346535689061	0.08336080273341617
156	0.03173798829550595	0.16272006765965352	0.20955567578767567	0.24343004365047277	0.2550691898255606	0.09748703478113134
157	0.024842776661499814	0.14351038805011238	0.19651670765229945	0.24280060517182303	0.2706602394283206	0.12166928303594476
158	0.03620133322073933	0.17333217105252616	0.21584341324676856	0.24246763974777807	0.2457075866358251	0.08644785609636271
159	0.049137251049264016	0.19882885301745376	0.22860102057229015	0.23709078161100083	0.22181308511518888	0.06452900863480243
160	0.07857708532983611	0.2379420881122761	0.2410957841604336	0.22041216115555337	0.18180807061405244	0.04016481062784851
161	0.032318518395922015	0.16390187966265982	0.21014377519281704	0.2431649544242672	0.25394002445510006	0.09653084786923374
162	0.032318518395922015	0.16390187966265982	0.21014377519281704	0.2431649544242672	0.25394002445510006	0.09653084786923374
163	0.0581701108731828	0.21281602127006832	0.2339976882556695	0.2321922052937481	0.20792794235912945	0.05489603194820185
164	0.05489603194820202	0.20792794235912918	0.23219220529374782	0.23399768825567005	0.21281602127006846	0.05817011087318254
165	0.01735239431131081	0.11726927617997493	0.17503388695093347	0.23602199222151915	0.28751904154414326	0.16680340879211844
166	0.054969219440575534	0.20773258407283737	0.23197516466520282	0.2338997971905836	0.21294595423884838	0.05847728039195237
167	0.07031190819435533	0.22833017460392618	0.23864625395420355	0.2252205998137177	0.1919224572607213	0.0455686061730758
168	0.07268016842223939	0.23101047398415203	0.23930083121288487	0.2238477930358581	0.1890861652217151	0.04407456812315045
169	0.03874579795492344	0.17835097340502554	0.21833628987644943	0.2413769030935223	0.24098028284424328	0.08220975282583592
170	0.041142120988351634	0.18325498415517	0.22089153205022694	0.2404765391240707	0.23644714061262886	0.07778768306955203
171	0.04375821942994815	0.18832123528318803	0.2233974741623708	0.2393767546161139	0.23169059670109404	0.07345571980728498
172	0.04375821942994815	0.18832123528318803	0.2233974741623708	0.2393767546161139	0.23169059670109404	0.07345571980728498
173	0.06087794179545974	0.21591455532787113	0.23473707451737363	0.23058019453148895	0.20464602411773966	0.053244209710066964
174	0.06321981189120514	0.21891800366653025	0.23565002447904385	0.22924644538069056	0.20155214728076734	0.05141356730176284
175	0.07246819727587259	0.23021782631699012	0.238850691895707	0.22396304650523427	0.18979723480988195	0.044703003196314095
176	0.03826756214736033	0.17668012220819246	0.21710101025868853	0.24120230104858087	0.2422953082165091	0.08445369612066872
177	0.036507463885187774	0.1721515319445176	0.21421650330872594	0.2413212423572698	0.24611597151048745	0.08968728699381147
178	0.03974267945628138	0.17912717290175878	0.21809740566413377	0.24039079566520363	0.23986353845052263	0.08277840786209985
179	0.026618727235575772	0.14700258825535473	0.19800794498238625	0.2415540653649655	0.2668844486956953	0.11993222546602253
180	0.026618727235575772	0.14700258825535473	0.19800794498238625	0.2415540653649655	0.2668844486956953	0.11993222546602253
181	0.029855054194712856	0.15574441738756192	0.20392227005005728	0.24188276137186043	0.2599183077758508	0.10867718921995671
182	0.029855054194712856	0.15574441738756192	0.20392227005005728	0.24188276137186043	0.2599183077758508	0.10867718921995671
183	0.08219003514646625	0.2386934368180302	0.2398943503264915	0.2184549085114234	0.18024510660884618	0.04052216258874238
184	0.08219003514646625	0.2386934368180302	0.2398943503264915	0.2184549085114234	0.18024510660884618	0.04052216258874238
185	0.06327466999098257	0.21743123468577433	0.234458721524402	0.22904991999557425	0.20272748806627988	0.05305796573698681
186	0.02571919907664281	0.1437935156774412	0.19535503022833395	0.2406795770368431	0.26890071996379483	0.1255519580169442
187	0.12555195801694397	0.26890071996379533	0.24067957703684306	0.19535503022833406	0.14379351567744092	0.025719199076642763
188	0.07349877387426375	0.2292566324827914	0.23763653360191114	0.2233350870631188	0.1903052230032951	0.04596774997461974
189	0.03101456517900839	0.15818126668159346	0.20521378772295049	0.24145118538850321	0.2576503497386132	0.10648884528933138
190	0.023502897968879756	0.13640208785544058	0.18941343708026673	0.23887821398818235	0.2736124830571589	0.13819088005007174
191	0.02086210468500184	0.12772577734792798	0.18245787616482093	0.23675919011768878	0.2790821631966999	0.15311288848786056
192	0.038175836334753604	0.174082878625866	0.21444864971272282	0.239922400338913	0.2437851677833591	0.08958506720438543
193	0.042318037141287713	0.18231952535115506	0.21880863524393934	0.2385727646148248	0.23632512782165307	0.08165590982714002
194	0.055884081738673146	0.20529605862426795	0.2292677811033497	0.2326370812158625	0.2144814118550719	0.06243358546277481
195	0.11560130826409538	0.26147013564648997	0.2402859581038218	0.20078080218017133	0.15254024097459168	0.029321554830829894
196	0.028721106473887013	0.1506991944639626	0.19938478838927748	0.23997000896517037	0.26274101676849027	0.11848388493921229
197	0.022040863708131936	0.13081227159142142	0.18444278258408753	0.23667141398517483	0.2763969301504252	0.14963573798075916
198	0.029055160415542892	0.15094728687447684	0.19919676138636414	0.23943282678111225	0.26215511311247797	0.11921285143002586
199	0.029055160415542892	0.15094728687447684	0.19919676138636414	0.23943282678111225	0.26215511311247797	0.11921285143002586
200	0.05269477810267649	0.19906279577918193	0.22608128147292045	0.2338172495348904	0.22020693912592887	0.06813695598440188
201	0.08215461698402532	0.23328001373644322	0.23630661582205595	0.21857677248871668	0.18460498800718103	0.04507699296157785
202	0.13650826474601438	0.2655148632365615	0.2357093459232683	0.19183727850074317	0.14311304906304664	0.027317198530366016
203	0.07476325696743022	0.22341794119418948	0.2328053581884933	0.22229387075916993	0.19449324903059165	0.05222632386012534
204	0.02521758953053813	0.13595275402886833	0.18569618403653954	0.23308339779070333	0.26892067749360693	0.15112939711974385
205	0.1843485042325376	0.27690888646101963	0.22745231183917958	0.17185861582744708	0.11940849213207551	0.02002318950774053
206	0.07915893056860493	0.2252318667269814	0.2320627225948952	0.21992443177906063	0.1916926473068102	0.05192940102364789
207	0.07915893056860493	0.2252318667269814	0.2320627225948952	0.21992443177906063	0.1916926473068102	0.05192940102364789
208	0.07323001923842487	0.21755673025801567	0.22919095510237472	0.2225915665294038	0.19929082396776976	0.05813990490401101
209	0.07323001923842487	0.21755673025801567	0.22919095510237472	0.2225915665294038	0.19929082396776976	0.05813990490401101
210	0.09554827945396936	0.2360265131824726	0.23269834951348758	0.21195036729864267	0.17832527466900233	0.04545121588242549
211	0.058436773572524386	0.19849555558013773	0.22170708200808756	0.22869870459275854	0.21788447888984191	0.07477740535664992
212	0.2982055726164571	0.2701970114283846	0.19811095700593884	0.13518688062479875	0.08576889133994577	0.012530686984474982
213	0.18727952106070125	0.2677412590585983	0.22333020552050106	0.1732684375024281	0.1249526204566221	0.023427956401149277
214	0.13957852316706745	0.2558806616468058	0.2302354280397264	0.1924324708689845	0.14933638320440035	0.03253653307301546
215	0.18727952106070125	0.2677412590585983	0.22333020552050106	0.1732684375024281	0.1249526204566221	0.023427956401149277
216	0.09277463720481167	0.2295397111199413	0.2294926833707549	0.2131790199967048	0.18395177872300467	0.05106216958478258
217	0.051062169584782616	0.18395177872300464	0.2131790199967049	0.22949268337075493	0.2295397111199414	0.0927746372048116
218	0.04336322361635708	0.17008528351660981	0.20510966511052986	0.2301483491348927	0.24036475436507948	0.11092872425653091
219	0.021501262484217847	0.11742014686625973	0.1656669813002079	0.21796763610992168	0.2676584098726209	0.20978556336677198
220	0.13506904117046895	0.2505000584388016	0.22875691087825376	0.19485471451271352	0.15474000328565699	0.03607927171410517
221	0.09746028744340861	0.2306369772996011	0.22853544717653473	0.2110324779008061	0.181556952869933	0.05077785730971632
222	0.07050355735272627	0.2071384705057265	0.22235797214154723	0.22235797214154718	0.20713847050572656	0.07050355735272626
223	0.1886912065071884	0.2639805425998087	0.22154576987248023	0.1736979398173924	0.12712137328095385	0.024963167922176607
224	0.12940856191079536	0.2434983913742572	0.22656857133990654	0.1976729838606668	0.1616223473575546	0.041229144156819775
225	0.04122914415681979	0.16162234735755446	0.19767298386066684	0.2265685713399065	0.2434983913742572	0.12940856191079522
226	0.01670091279939918	0.09687395409353697	0.14293666225079438	0.19839092966763142	0.2594237084835281	0.2856738327051098
227	0.12940856191079536	0.2434983913742572	0.22656857133990654	0.1976729838606668	0.1616223473575546	0.041229144156819775
228	0.06165810378604238	0.18961325287348832	0.21182280732796638	0.222631557637487	0.22019818203016941	0.09407609634484652
229	0.030198638166720717	0.13325709623080104	0.17441915664645175	0.21574262004298986	0.2524901784274791	0.1938923104855576
230	0.06267557755799472	0.186631835039779	0.20850287979471133	0.220364266404488	0.22040228901480702	0.10142315218821986
231	0.0639763490981582	0.18258958123459143	0.20400001541703242	0.2171113085996817	0.22021091140473412	0.1121118342458022
232	0.03521069314315017	0.137643858985579	0.17427295096103554	0.21050501023611637	0.24294899042650794	0.19941849624761104
233	0.11211183424580225	0.22021091140473406	0.2171113085996816	0.20400001541703233	0.18258958123459149	0.06397634909815816
234	0.37153930454356976	0.22817320990044102	0.17216880044032667	0.12477706556657456	0.08660416323725816	0.01673745631182985
235	0.21132649182820223	0.22757840709331048	0.20122124132934247	0.17241431786868114	0.14289473762352717	0.04456480425693652
236	0.09742557345046367	0.19784136316495854	0.20473306338457783	0.2047330633845778	0.19784136316495848	0.09742557345046361
237	0.21132649182820223	0.22757840709331048	0.20122124132934247	0.17241431786868114	0.14289473762352717	0.04456480425693652
238	0.16145833333333343	0.2145589192708333	0.20275878906250003	0.18656412760416663	0.16695149739583334	0.06770833333333327
239	0.16145833333333343	0.2145589192708333	0.20275878906250003	0.18656412760416663	0.16695149739583334	0.06770833333333327
240	0.11458333333333334	0.19075520833333331	0.19466145833333334	0.19466145833333334	0.19075520833333331	0.11458333333333327
241	0.11458333333333334	0.19075520833333331	0.19466145833333334	0.19466145833333334	0.19075520833333331	0.11458333333333327
242	0.03630363036303631	0.1105610561056106	0.1353135313531353	0.1625412541254126	0.1922442244224422	0.363036303630363
243	0.11458333333333334	0.19075520833333331	0.19466145833333334	0.19466145833333334	0.19075520833333331	0.11458333333333327
244	0.36303630363036304	0.1922442244224422	0.16254125412541254	0.1353135313531353	0.11056105610561058	0.036303630363036285
245	0.26666666666666666	0.19166666666666662	0.175	0.15833333333333327	0.14166666666666666	0.06666666666666664
246	0.26666666666666666	0.19166666666666662	0.175	0.15833333333333327	0.14166666666666666	0.06666666666666664
247	0.06666666666666668	0.1416666666666667	0.1583333333333333	0.17500000000000002	0.19166666666666665	0.26666666666666666
248	0.26666666666666666	0.19166666666666662	0.175	0.15833333333333327	0.14166666666666666	0.06666666666666664
249	0.26666666666666666	0.19166666666666662	0.175	0.15833333333333327	0.14166666666666666	0.06666666666666664
250	0.06666666666666668	0.1416666666666667	0.1583333333333333	0.17500000000000002	0.19166666666666665	0.26666666666666666
251	0.26666666666666666	0.19166666666666662	0.175	0.15833333333333327	0.14166666666666666	0.06666666666666664
252	0.06666666666666668	0.1416666666666667	0.1583333333333333	0.17500000000000002	0.19166666666666665	0.26666666666666666
253	0.26666666666666666	0.19166666666666662	0.175	0.15833333333333327	0.14166666666666666	0.06666666666666664
254	0.06666666666666668	0.1416666666666667	0.1583333333333333	0.17500000000000002	0.19166666666666665	0.26666666666666666
255	0.06666666666666668	0.1416666666666667	0.1583333333333333	0.17500000000000002	0.19166666666666665	0.26666666666666666
256	0.26666666666666666	0.19166666666666662	0.175	0.15833333333333327	0.14166666666666666	0.06666666666666664
257	0.06666666666666668	0.1416666666666667	0.1583333333333333	0.17500000000000002	0.19166666666666665	0.26666666666666666
258	0.06666666666666668	0.1416666666666667	0.1583333333333333	0.17500000000000002	0.19166666666666665	0.26666666666666666
259	0.06666666666666668	0.1416666666666667	0.1583333333333333	0.17500000000000002	0.19166666666666665	0.26666666666666666
260	0.06666666666666668	0.1416666666666667	0.1583333333333333	0.17500000000000002	0.19166666666666665	0.26666666666666666
261	0.26666666666666666	0.19166666666666662	0.175	0.15833333333333327	0.14166666666666666	0.06666666666666664
262	0.06666666666666668	0.1416666666666667	0.1583333333333333	0.17500000000000002	0.19166666666666665	0.26666666666666666
263	0.06666666666666668	0.1416666666666667	0.1583333333333333	0.17500000000000002	0.19166666666666665	0.26666666666666666
264	0.06666666666666668	0.1416666666666667	0.1583333333333333	0.17500000000000002	0.19166666666666665	0.26666666666666666
265	0.06666666666666668	0.1416666666666667	0.1583333333333333	0.17500000000000002	0.19166666666666665	0.26666666666666666
266	0.26666666666666666	0.19166666666666662	0.175	0.15833333333333327	0.14166666666666666	0.06666666666666664
267	0.26666666666666666	0.19166666666666662	0.175	0.15833333333333327	0.14166666666666666	0.06666666666666664
268	0.26666666666666666	0.19166666666666662	0.175	0.15833333333333327	0.14166666666666666	0.06666666666666664
269	0.26666666666666666	0.19166666666666662	0.175	0.15833333333333327	0.14166666666666666	0.06666666666666664
270	0.06666666666666668	0.1416666666666667	0.1583333333333333	0.17500000000000002	0.19166666666666665	0.26666666666666666
271	0.26666666666666666	0.19166666666666662	0.175	0.15833333333333327	0.14166666666666666	0.06666666666666664
272	0.06666666666666668	0.1416666666666667	0.1583333333333333	0.17500000000000002	0.19166666666666665	0.26666666666666666
273	0.26666666666666666	0.19166666666666662	0.175	0.15833333333333327	0.14166666666666666	0.06666666666666664
274	0.06666666666666668	0.1416666666666667	0.1583333333333333	0.17500000000000002	0.19166666666666665	0.26666666666666666
275	0.26666666666666666	0.19166666666666662	0.175	0.15833333333333327	0.14166666666666666	0.06666666666666664
276	0.26666666666666666	0.19166666666666662	0.175	0.15833333333333327	0.14166666666666666	0.06666666666666664
277	0.06666666666666668	0.1416666666666667	0.1583333333333333	0.17500000000000002	0.19166666666666665	0.26666666666666666
278	0.26666666666666666	0.19166666666666662	0.175	0.15833333333333327	0.14166666666666666	0.06666666666666664
279	0.26666666666666666	0.19166666666666662	0.175	0.15833333333333327	0.14166666666666666	0.06666666666666664
280	0.06666666666666668	0.1416666666666667	0.1583333333333333	0.17500000000000002	0.19166666666666665	0.26666666666666666
281	0.06666666666666668	0.1416666666666667	0.1583333333333333	0.17500000000000002	0.19166666666666665	0.26666666666666666
282	0.06666666666666668	0.1416666666666667	0.1583333333333333	0.17500000000000002	0.19166666666666665	0.26666666666666666
283	0.26666666666666666	0.19166666666666662	0.175	0.15833333333333327	0.14166666666666666	0.06666666666666664
284	0.26666666666666666	0.19166666666666662	0.175	0.15833333333333327	0.14166666666666666	0.06666666666666664
285	0.26666666666666666	0.19166666666666662	0.175	0.15833333333333327	0.14166666666666666	0.06666666666666664
286	0.26666666666666666	0.19166666666666662	0.175	0.15833333333333327	0.14166666666666666	0.06666666666666664
287	0.06666666666666668	0.1416666666666667	0.1583333333333333	0.17500000000000002	0.19166666666666665	0.26666666666666666
